<?xml version="1.0" encoding="UTF-8"?>
<config xmlns="http://www.knime.org/2008/09/XMLConfig" xmlns:xsi="http://www.w3.org/2001/XMLSchema-instance" xsi:schemaLocation="http://www.knime.org/2008/09/XMLConfig http://www.knime.org/XMLConfig_2008_09.xsd" key="model.xml">
    <entry key="version" type="xint" value="1"/>
    <entry key="class_name" type="xstring" value="org.knime.ext.textprocessing.data.DocumentVectorPortObjectSpec"/>
    <config key="model">
        <entry key="ignoreTags" type="xboolean" value="false"/>
        <entry key="bitVector" type="xboolean" value="false"/>
        <entry key="vectorValue" type="xstring" value="TF rel"/>
        <entry key="asCollectionCell" type="xboolean" value="false"/>
        <config key="featureSpaceColumns">
            <entry key="array-size" type="xint" value="863"/>
            <entry key="0" type="xstring" value="row[]"/>
            <entry key="1" type="xstring" value="acab[]"/>
            <entry key="2" type="xstring" value="assist[]"/>
            <entry key="3" type="xstring" value="intrig[]"/>
            <entry key="4" type="xstring" value="verdad[]"/>
            <entry key="5" type="xstring" value="seman[]"/>
            <entry key="6" type="xstring" value="abertur[]"/>
            <entry key="7" type="xstring" value="ser[]"/>
            <entry key="8" type="xstring" value="fiqu[]"/>
            <entry key="9" type="xstring" value="decepcion[]"/>
            <entry key="10" type="xstring" value="histór[]"/>
            <entry key="11" type="xstring" value="potencial[]"/>
            <entry key="12" type="xstring" value="realment[]"/>
            <entry key="13" type="xstring" value="sint[]"/>
            <entry key="14" type="xstring" value="problem[]"/>
            <entry key="15" type="xstring" value="film[]"/>
            <entry key="16" type="xstring" value="direçã[]"/>
            <entry key="17" type="xstring" value="pens[]"/>
            <entry key="18" type="xstring" value="incrível[]"/>
            <entry key="19" type="xstring" value="gost[]"/>
            <entry key="20" type="xstring" value="performanc[]"/>
            <entry key="21" type="xstring" value="perceb[]"/>
            <entry key="22" type="xstring" value="car[]"/>
            <entry key="23" type="xstring" value="bonit[]"/>
            <entry key="24" type="xstring" value="corp[]"/>
            <entry key="25" type="xstring" value="acho[]"/>
            <entry key="26" type="xstring" value="pesso[]"/>
            <entry key="27" type="xstring" value="sab[]"/>
            <entry key="28" type="xstring" value="diss[]"/>
            <entry key="29" type="xstring" value="cen[]"/>
            <entry key="30" type="xstring" value="tim[]"/>
            <entry key="31" type="xstring" value="mostr[]"/>
            <entry key="32" type="xstring" value="lhe[]"/>
            <entry key="33" type="xstring" value="for[]"/>
            <entry key="34" type="xstring" value="louc[]"/>
            <entry key="35" type="xstring" value="total[]"/>
            <entry key="36" type="xstring" value="ter[]"/>
            <entry key="37" type="xstring" value="sid[]"/>
            <entry key="38" type="xstring" value="suficient[]"/>
            <entry key="39" type="xstring" value="surpreend[]"/>
            <entry key="40" type="xstring" value="jog[]"/>
            <entry key="41" type="xstring" value="namor[]"/>
            <entry key="42" type="xstring" value="espos[]"/>
            <entry key="43" type="xstring" value="estiv[]"/>
            <entry key="44" type="xstring" value="signific[]"/>
            <entry key="45" type="xstring" value="mulh[]"/>
            <entry key="46" type="xstring" value="vam[]"/>
            <entry key="47" type="xstring" value="peg[]"/>
            <entry key="48" type="xstring" value="papel[]"/>
            <entry key="49" type="xstring" value="atuaçã[]"/>
            <entry key="50" type="xstring" value="forc[]"/>
            <entry key="51" type="xstring" value="parec[]"/>
            <entry key="52" type="xstring" value="personag[]"/>
            <entry key="53" type="xstring" value="dev[]"/>
            <entry key="54" type="xstring" value="fal[]"/>
            <entry key="55" type="xstring" value="eram[]"/>
            <entry key="56" type="xstring" value="quas[]"/>
            <entry key="57" type="xstring" value="faz[]"/>
            <entry key="58" type="xstring" value="mesm[]"/>
            <entry key="59" type="xstring" value="sotaqu[]"/>
            <entry key="60" type="xstring" value="del[]"/>
            <entry key="61" type="xstring" value="linh[]"/>
            <entry key="62" type="xstring" value="cort[]"/>
            <entry key="63" type="xstring" value="vend[]"/>
            <entry key="64" type="xstring" value="frac[]"/>
            <entry key="65" type="xstring" value="ótim[]"/>
            <entry key="66" type="xstring" value="surpres[]"/>
            <entry key="67" type="xstring" value="divert[]"/>
            <entry key="68" type="xstring" value="insult[]"/>
            <entry key="69" type="xstring" value="pod[]"/>
            <entry key="70" type="xstring" value="ruins[]"/>
            <entry key="71" type="xstring" value="tent[]"/>
            <entry key="72" type="xstring" value="torn[]"/>
            <entry key="73" type="xstring" value="sucess[]"/>
            <entry key="74" type="xstring" value="legal[]"/>
            <entry key="75" type="xstring" value="agrad[]"/>
            <entry key="76" type="xstring" value="hom[]"/>
            <entry key="77" type="xstring" value="masculin[]"/>
            <entry key="78" type="xstring" value="ator[]"/>
            <entry key="79" type="xstring" value="hollywood[]"/>
            <entry key="80" type="xstring" value="sex[]"/>
            <entry key="81" type="xstring" value="feminin[]"/>
            <entry key="82" type="xstring" value="levant[]"/>
            <entry key="83" type="xstring" value="pes[]"/>
            <entry key="84" type="xstring" value="vest[]"/>
            <entry key="85" type="xstring" value="dól[]"/>
            <entry key="86" type="xstring" value="extrem[]"/>
            <entry key="87" type="xstring" value="escur[]"/>
            <entry key="88" type="xstring" value="acord[]"/>
            <entry key="89" type="xstring" value="boa[]"/>
            <entry key="90" type="xstring" value="escrit[]"/>
            <entry key="91" type="xstring" value="desenvolv[]"/>
            <entry key="92" type="xstring" value="personagens[]"/>
            <entry key="93" type="xstring" value="elenc[]"/>
            <entry key="94" type="xstring" value="inteligent[]"/>
            <entry key="95" type="xstring" value="qualqu[]"/>
            <entry key="96" type="xstring" value="mim[]"/>
            <entry key="97" type="xstring" value="pergunt[]"/>
            <entry key="98" type="xstring" value="melhor[]"/>
            <entry key="99" type="xstring" value="dirig[]"/>
            <entry key="100" type="xstring" value="provavel[]"/>
            <entry key="101" type="xstring" value="far[]"/>
            <entry key="102" type="xstring" value="drog[]"/>
            <entry key="103" type="xstring" value="comec[]"/>
            <entry key="104" type="xstring" value="chor[]"/>
            <entry key="105" type="xstring" value="durant[]"/>
            <entry key="106" type="xstring" value="ridícul[]"/>
            <entry key="107" type="xstring" value="fals[]"/>
            <entry key="108" type="xstring" value="enquant[]"/>
            <entry key="109" type="xstring" value="garant[]"/>
            <entry key="110" type="xstring" value="públic[]"/>
            <entry key="111" type="xstring" value="receb[]"/>
            <entry key="112" type="xstring" value="orçament[]"/>
            <entry key="113" type="xstring" value="tenh[]"/>
            <entry key="114" type="xstring" value="algum[]"/>
            <entry key="115" type="xstring" value="esforc[]"/>
            <entry key="116" type="xstring" value="produz[]"/>
            <entry key="117" type="xstring" value="decent[]"/>
            <entry key="118" type="xstring" value="absolut[]"/>
            <entry key="119" type="xstring" value="horrível[]"/>
            <entry key="120" type="xstring" value="sent[]"/>
            <entry key="121" type="xstring" value="tiv[]"/>
            <entry key="122" type="xstring" value="crianc[]"/>
            <entry key="123" type="xstring" value="espect[]"/>
            <entry key="124" type="xstring" value="idiot[]"/>
            <entry key="125" type="xstring" value="ambos[]"/>
            <entry key="126" type="xstring" value="grac[]"/>
            <entry key="127" type="xstring" value="deus[]"/>
            <entry key="128" type="xstring" value="ráp[]"/>
            <entry key="129" type="xstring" value="imagin[]"/>
            <entry key="130" type="xstring" value="tip[]"/>
            <entry key="131" type="xstring" value="produtor[]"/>
            <entry key="132" type="xstring" value="tinh[]"/>
            <entry key="133" type="xstring" value="ment[]"/>
            <entry key="134" type="xstring" value="séri[]"/>
            <entry key="135" type="xstring" value="roteir[]"/>
            <entry key="136" type="xstring" value="romanc[]"/>
            <entry key="137" type="xstring" value="decid[]"/>
            <entry key="138" type="xstring" value="terror[]"/>
            <entry key="139" type="xstring" value="entã[]"/>
            <entry key="140" type="xstring" value="procur[]"/>
            <entry key="141" type="xstring" value="lei[]"/>
            <entry key="142" type="xstring" value="acim[]"/>
            <entry key="143" type="xstring" value="evit[]"/>
            <entry key="144" type="xstring" value="porc[]"/>
            <entry key="145" type="xstring" value="send[]"/>
            <entry key="146" type="xstring" value="suspens[]"/>
            <entry key="147" type="xstring" value="esper[]"/>
            <entry key="148" type="xstring" value="simples[]"/>
            <entry key="149" type="xstring" value="thrill[]"/>
            <entry key="150" type="xstring" value="últim[]"/>
            <entry key="151" type="xstring" value="minut[]"/>
            <entry key="152" type="xstring" value="anterior[]"/>
            <entry key="153" type="xstring" value="limit[]"/>
            <entry key="154" type="xstring" value="interpret[]"/>
            <entry key="155" type="xstring" value="carát[]"/>
            <entry key="156" type="xstring" value="normal[]"/>
            <entry key="157" type="xstring" value="visual[]"/>
            <entry key="158" type="xstring" value="temp[]"/>
            <entry key="159" type="xstring" value="desagrad[]"/>
            <entry key="160" type="xstring" value="ruim[]"/>
            <entry key="161" type="xstring" value="poss[]"/>
            <entry key="162" type="xstring" value="trás[]"/>
            <entry key="163" type="xstring" value="descrev[]"/>
            <entry key="164" type="xstring" value="engan[]"/>
            <entry key="165" type="xstring" value="ache[]"/>
            <entry key="166" type="xstring" value="especial[]"/>
            <entry key="167" type="xstring" value="consider[]"/>
            <entry key="168" type="xstring" value="encontr[]"/>
            <entry key="169" type="xstring" value="únic[]"/>
            <entry key="170" type="xstring" value="irrit[]"/>
            <entry key="171" type="xstring" value="final[]"/>
            <entry key="172" type="xstring" value="mort[]"/>
            <entry key="173" type="xstring" value="efeit[]"/>
            <entry key="174" type="xstring" value="espec[]"/>
            <entry key="175" type="xstring" value="principal[]"/>
            <entry key="176" type="xstring" value="típic[]"/>
            <entry key="177" type="xstring" value="difícil[]"/>
            <entry key="178" type="xstring" value="acredit[]"/>
            <entry key="179" type="xstring" value="criatur[]"/>
            <entry key="180" type="xstring" value="captur[]"/>
            <entry key="181" type="xstring" value="igual[]"/>
            <entry key="182" type="xstring" value="exat[]"/>
            <entry key="183" type="xstring" value="estav[]"/>
            <entry key="184" type="xstring" value="apes[]"/>
            <entry key="185" type="xstring" value="fat[]"/>
            <entry key="186" type="xstring" value="fotograf[]"/>
            <entry key="187" type="xstring" value="tir[]"/>
            <entry key="188" type="xstring" value="viv[]"/>
            <entry key="189" type="xstring" value="pen[]"/>
            <entry key="190" type="xstring" value="funcion[]"/>
            <entry key="191" type="xstring" value="bal[]"/>
            <entry key="192" type="xstring" value="falh[]"/>
            <entry key="193" type="xstring" value="john[]"/>
            <entry key="194" type="xstring" value="apresent[]"/>
            <entry key="195" type="xstring" value="guerr[]"/>
            <entry key="196" type="xstring" value="empreg[]"/>
            <entry key="197" type="xstring" value="homens[]"/>
            <entry key="198" type="xstring" value="atir[]"/>
            <entry key="199" type="xstring" value="estar[]"/>
            <entry key="200" type="xstring" value="aparec[]"/>
            <entry key="201" type="xstring" value="padrã[]"/>
            <entry key="202" type="xstring" value="investig[]"/>
            <entry key="203" type="xstring" value="segur[]"/>
            <entry key="204" type="xstring" value="traz[]"/>
            <entry key="205" type="xstring" value="pass[]"/>
            <entry key="206" type="xstring" value="junt[]"/>
            <entry key="207" type="xstring" value="mat[]"/>
            <entry key="208" type="xstring" value="pequen[]"/>
            <entry key="209" type="xstring" value="secret[]"/>
            <entry key="210" type="xstring" value="cac[]"/>
            <entry key="211" type="xstring" value="consegu[]"/>
            <entry key="212" type="xstring" value="prov[]"/>
            <entry key="213" type="xstring" value="vist[]"/>
            <entry key="214" type="xstring" value="simpl[]"/>
            <entry key="215" type="xstring" value="equip[]"/>
            <entry key="216" type="xstring" value="foss[]"/>
            <entry key="217" type="xstring" value="basic[]"/>
            <entry key="218" type="xstring" value="mont[]"/>
            <entry key="219" type="xstring" value="fiz[]"/>
            <entry key="220" type="xstring" value="tel[]"/>
            <entry key="221" type="xstring" value="dit[]"/>
            <entry key="222" type="xstring" value="vár[]"/>
            <entry key="223" type="xstring" value="diret[]"/>
            <entry key="224" type="xstring" value="diz[]"/>
            <entry key="225" type="xstring" value="vid[]"/>
            <entry key="226" type="xstring" value="olhar[]"/>
            <entry key="227" type="xstring" value="real[]"/>
            <entry key="228" type="xstring" value="salv[]"/>
            <entry key="229" type="xstring" value="alug[]"/>
            <entry key="230" type="xstring" value="estil[]"/>
            <entry key="231" type="xstring" value="dramát[]"/>
            <entry key="232" type="xstring" value="nov[]"/>
            <entry key="233" type="xstring" value="bons[]"/>
            <entry key="234" type="xstring" value="interess[]"/>
            <entry key="235" type="xstring" value="invent[]"/>
            <entry key="236" type="xstring" value="infeliz[]"/>
            <entry key="237" type="xstring" value="entend[]"/>
            <entry key="238" type="xstring" value="gêner[]"/>
            <entry key="239" type="xstring" value="conseg[]"/>
            <entry key="240" type="xstring" value="impression[]"/>
            <entry key="241" type="xstring" value="element[]"/>
            <entry key="242" type="xstring" value="dram[]"/>
            <entry key="243" type="xstring" value="concentr[]"/>
            <entry key="244" type="xstring" value="nenhum[]"/>
            <entry key="245" type="xstring" value="casal[]"/>
            <entry key="246" type="xstring" value="sai[]"/>
            <entry key="247" type="xstring" value="acontec[]"/>
            <entry key="248" type="xstring" value="diretor[]"/>
            <entry key="249" type="xstring" value="habil[]"/>
            <entry key="250" type="xstring" value="long[]"/>
            <entry key="251" type="xstring" value="cas[]"/>
            <entry key="252" type="xstring" value="daquel[]"/>
            <entry key="253" type="xstring" value="profund[]"/>
            <entry key="254" type="xstring" value="human[]"/>
            <entry key="255" type="xstring" value="estad[]"/>
            <entry key="256" type="xstring" value="detalh[]"/>
            <entry key="257" type="xstring" value="errad[]"/>
            <entry key="258" type="xstring" value="falt[]"/>
            <entry key="259" type="xstring" value="geral[]"/>
            <entry key="260" type="xstring" value="avis[]"/>
            <entry key="261" type="xstring" value="aument[]"/>
            <entry key="262" type="xstring" value="tensã[]"/>
            <entry key="263" type="xstring" value="hor[]"/>
            <entry key="264" type="xstring" value="termin[]"/>
            <entry key="265" type="xstring" value="muit[]"/>
            <entry key="266" type="xstring" value="praz[]"/>
            <entry key="267" type="xstring" value="escrev[]"/>
            <entry key="268" type="xstring" value="dir[]"/>
            <entry key="269" type="xstring" value="próxim[]"/>
            <entry key="270" type="xstring" value="segu[]"/>
            <entry key="271" type="xstring" value="qualidad[]"/>
            <entry key="272" type="xstring" value="mã[]"/>
            <entry key="273" type="xstring" value="pior[]"/>
            <entry key="274" type="xstring" value="complet[]"/>
            <entry key="275" type="xstring" value="sej[]"/>
            <entry key="276" type="xstring" value="respons[]"/>
            <entry key="277" type="xstring" value="entreg[]"/>
            <entry key="278" type="xstring" value="cert[]"/>
            <entry key="279" type="xstring" value="enred[]"/>
            <entry key="280" type="xstring" value="pais[]"/>
            <entry key="281" type="xstring" value="perfeit[]"/>
            <entry key="282" type="xstring" value="lev[]"/>
            <entry key="283" type="xstring" value="tant[]"/>
            <entry key="284" type="xstring" value="cri[]"/>
            <entry key="285" type="xstring" value="envolv[]"/>
            <entry key="286" type="xstring" value="med[]"/>
            <entry key="287" type="xstring" value="assassinat[]"/>
            <entry key="288" type="xstring" value="toc[]"/>
            <entry key="289" type="xstring" value="not[]"/>
            <entry key="290" type="xstring" value="ler[]"/>
            <entry key="291" type="xstring" value="livr[]"/>
            <entry key="292" type="xstring" value="the[]"/>
            <entry key="293" type="xstring" value="adequ[]"/>
            <entry key="294" type="xstring" value="culp[]"/>
            <entry key="295" type="xstring" value="trist[]"/>
            <entry key="296" type="xstring" value="pec[]"/>
            <entry key="297" type="xstring" value="teatr[]"/>
            <entry key="298" type="xstring" value="caix[]"/>
            <entry key="299" type="xstring" value="estej[]"/>
            <entry key="300" type="xstring" value="cheg[]"/>
            <entry key="301" type="xstring" value="fot[]"/>
            <entry key="302" type="xstring" value="lind[]"/>
            <entry key="303" type="xstring" value="permit[]"/>
            <entry key="304" type="xstring" value="tem[]"/>
            <entry key="305" type="xstring" value="idé[]"/>
            <entry key="306" type="xstring" value="diálog[]"/>
            <entry key="307" type="xstring" value="trilh[]"/>
            <entry key="308" type="xstring" value="sonor[]"/>
            <entry key="309" type="xstring" value="ediçã[]"/>
            <entry key="310" type="xstring" value="som[]"/>
            <entry key="311" type="xstring" value="val[]"/>
            <entry key="312" type="xstring" value="compr[]"/>
            <entry key="313" type="xstring" value="pud[]"/>
            <entry key="314" type="xstring" value="dor[]"/>
            <entry key="315" type="xstring" value="cabec[]"/>
            <entry key="316" type="xstring" value="alguém[]"/>
            <entry key="317" type="xstring" value="signif[]"/>
            <entry key="318" type="xstring" value="horror[]"/>
            <entry key="319" type="xstring" value="hav[]"/>
            <entry key="320" type="xstring" value="assust[]"/>
            <entry key="321" type="xstring" value="fest[]"/>
            <entry key="322" type="xstring" value="particular[]"/>
            <entry key="323" type="xstring" value="perturb[]"/>
            <entry key="324" type="xstring" value="patét[]"/>
            <entry key="325" type="xstring" value="sair[]"/>
            <entry key="326" type="xstring" value="artíst[]"/>
            <entry key="327" type="xstring" value="cust[]"/>
            <entry key="328" type="xstring" value="incrivel[]"/>
            <entry key="329" type="xstring" value="feit[]"/>
            <entry key="330" type="xstring" value="desculp[]"/>
            <entry key="331" type="xstring" value="coloc[]"/>
            <entry key="332" type="xstring" value="cinem[]"/>
            <entry key="333" type="xstring" value="comentári[]"/>
            <entry key="334" type="xstring" value="músic[]"/>
            <entry key="335" type="xstring" value="desperdíci[]"/>
            <entry key="336" type="xstring" value="dinheir[]"/>
            <entry key="337" type="xstring" value="carreir[]"/>
            <entry key="338" type="xstring" value="ating[]"/>
            <entry key="339" type="xstring" value="moviment[]"/>
            <entry key="340" type="xstring" value="costum[]"/>
            <entry key="341" type="xstring" value="usar[]"/>
            <entry key="342" type="xstring" value="fic[]"/>
            <entry key="343" type="xstring" value="uso[]"/>
            <entry key="344" type="xstring" value="dess[]"/>
            <entry key="345" type="xstring" value="própr[]"/>
            <entry key="346" type="xstring" value="assassin[]"/>
            <entry key="347" type="xstring" value="opiniã[]"/>
            <entry key="348" type="xstring" value="honest[]"/>
            <entry key="349" type="xstring" value="perd[]"/>
            <entry key="350" type="xstring" value="fer[]"/>
            <entry key="351" type="xstring" value="prêmi[]"/>
            <entry key="352" type="xstring" value="concord[]"/>
            <entry key="353" type="xstring" value="dvd[]"/>
            <entry key="354" type="xstring" value="don[]"/>
            <entry key="355" type="xstring" value="famos[]"/>
            <entry key="356" type="xstring" value="enfrent[]"/>
            <entry key="357" type="xstring" value="particul[]"/>
            <entry key="358" type="xstring" value="lançament[]"/>
            <entry key="359" type="xstring" value="olhos[]"/>
            <entry key="360" type="xstring" value="pret[]"/>
            <entry key="361" type="xstring" value="posit[]"/>
            <entry key="362" type="xstring" value="tentat[]"/>
            <entry key="363" type="xstring" value="verdadeir[]"/>
            <entry key="364" type="xstring" value="heró[]"/>
            <entry key="365" type="xstring" value="marc[]"/>
            <entry key="366" type="xstring" value="televisã[]"/>
            <entry key="367" type="xstring" value="amor[]"/>
            <entry key="368" type="xstring" value="pré[]"/>
            <entry key="369" type="xstring" value="ador[]"/>
            <entry key="370" type="xstring" value="usad[]"/>
            <entry key="371" type="xstring" value="terr[]"/>
            <entry key="372" type="xstring" value="descobr[]"/>
            <entry key="373" type="xstring" value="carreg[]"/>
            <entry key="374" type="xstring" value="beb[]"/>
            <entry key="375" type="xstring" value="estúp[]"/>
            <entry key="376" type="xstring" value="engrac[]"/>
            <entry key="377" type="xstring" value="danc[]"/>
            <entry key="378" type="xstring" value="caus[]"/>
            <entry key="379" type="xstring" value="quã[]"/>
            <entry key="380" type="xstring" value="desej[]"/>
            <entry key="381" type="xstring" value="fac[]"/>
            <entry key="382" type="xstring" value="remak[]"/>
            <entry key="383" type="xstring" value="filh[]"/>
            <entry key="384" type="xstring" value="deu[]"/>
            <entry key="385" type="xstring" value="diab[]"/>
            <entry key="386" type="xstring" value="razã[]"/>
            <entry key="387" type="xstring" value="situaçã[]"/>
            <entry key="388" type="xstring" value="quer[]"/>
            <entry key="389" type="xstring" value="explor[]"/>
            <entry key="390" type="xstring" value="experiment[]"/>
            <entry key="391" type="xstring" value="coméd[]"/>
            <entry key="392" type="xstring" value="irmã[]"/>
            <entry key="393" type="xstring" value="deix[]"/>
            <entry key="394" type="xstring" value="cuid[]"/>
            <entry key="395" type="xstring" value="garot[]"/>
            <entry key="396" type="xstring" value="velh[]"/>
            <entry key="397" type="xstring" value="aparent[]"/>
            <entry key="398" type="xstring" value="sang[]"/>
            <entry key="399" type="xstring" value="lembr[]"/>
            <entry key="400" type="xstring" value="voz[]"/>
            <entry key="401" type="xstring" value="constant[]"/>
            <entry key="402" type="xstring" value="literal[]"/>
            <entry key="403" type="xstring" value="grit[]"/>
            <entry key="404" type="xstring" value="piad[]"/>
            <entry key="405" type="xstring" value="import[]"/>
            <entry key="406" type="xstring" value="aprec[]"/>
            <entry key="407" type="xstring" value="observ[]"/>
            <entry key="408" type="xstring" value="precis[]"/>
            <entry key="409" type="xstring" value="carr[]"/>
            <entry key="410" type="xstring" value="tortur[]"/>
            <entry key="411" type="xstring" value="dolor[]"/>
            <entry key="412" type="xstring" value="ninguém[]"/>
            <entry key="413" type="xstring" value="metad[]"/>
            <entry key="414" type="xstring" value="lix[]"/>
            <entry key="415" type="xstring" value="adapt[]"/>
            <entry key="416" type="xstring" value="cuj[]"/>
            <entry key="417" type="xstring" value="sensaçã[]"/>
            <entry key="418" type="xstring" value="desesper[]"/>
            <entry key="419" type="xstring" value="retrat[]"/>
            <entry key="420" type="xstring" value="desempenh[]"/>
            <entry key="421" type="xstring" value="inteir[]"/>
            <entry key="422" type="xstring" value="palavr[]"/>
            <entry key="423" type="xstring" value="boc[]"/>
            <entry key="424" type="xstring" value="consig[]"/>
            <entry key="425" type="xstring" value="mov[]"/>
            <entry key="426" type="xstring" value="mei[]"/>
            <entry key="427" type="xstring" value="jov[]"/>
            <entry key="428" type="xstring" value="famíl[]"/>
            <entry key="429" type="xstring" value="anim[]"/>
            <entry key="430" type="xstring" value="pai[]"/>
            <entry key="431" type="xstring" value="clar[]"/>
            <entry key="432" type="xstring" value="imag[]"/>
            <entry key="433" type="xstring" value="continu[]"/>
            <entry key="434" type="xstring" value="valor[]"/>
            <entry key="435" type="xstring" value="memor[]"/>
            <entry key="436" type="xstring" value="espírit[]"/>
            <entry key="437" type="xstring" value="adolescent[]"/>
            <entry key="438" type="xstring" value="amig[]"/>
            <entry key="439" type="xstring" value="ide[]"/>
            <entry key="440" type="xstring" value="trat[]"/>
            <entry key="441" type="xstring" value="classific[]"/>
            <entry key="442" type="xstring" value="acrescent[]"/>
            <entry key="443" type="xstring" value="result[]"/>
            <entry key="444" type="xstring" value="previs[]"/>
            <entry key="445" type="xstring" value="chat[]"/>
            <entry key="446" type="xstring" value="vag[]"/>
            <entry key="447" type="xstring" value="assunt[]"/>
            <entry key="448" type="xstring" value="pul[]"/>
            <entry key="449" type="xstring" value="cap[]"/>
            <entry key="450" type="xstring" value="ganh[]"/>
            <entry key="451" type="xstring" value="talent[]"/>
            <entry key="452" type="xstring" value="atu[]"/>
            <entry key="453" type="xstring" value="comum[]"/>
            <entry key="454" type="xstring" value="lut[]"/>
            <entry key="455" type="xstring" value="pobr[]"/>
            <entry key="456" type="xstring" value="vou[]"/>
            <entry key="457" type="xstring" value="cineast[]"/>
            <entry key="458" type="xstring" value="esperanc[]"/>
            <entry key="459" type="xstring" value="festival[]"/>
            <entry key="460" type="xstring" value="entant[]"/>
            <entry key="461" type="xstring" value="entrar[]"/>
            <entry key="462" type="xstring" value="chanc[]"/>
            <entry key="463" type="xstring" value="aprend[]"/>
            <entry key="464" type="xstring" value="afirm[]"/>
            <entry key="465" type="xstring" value="aceit[]"/>
            <entry key="466" type="xstring" value="pist[]"/>
            <entry key="467" type="xstring" value="companheir[]"/>
            <entry key="468" type="xstring" value="tend[]"/>
            <entry key="469" type="xstring" value="richard[]"/>
            <entry key="470" type="xstring" value="pap[]"/>
            <entry key="471" type="xstring" value="pag[]"/>
            <entry key="472" type="xstring" value="volt[]"/>
            <entry key="473" type="xstring" value="maneir[]"/>
            <entry key="474" type="xstring" value="cobr[]"/>
            <entry key="475" type="xstring" value="sug[]"/>
            <entry key="476" type="xstring" value="produçã[]"/>
            <entry key="477" type="xstring" value="époc[]"/>
            <entry key="478" type="xstring" value="cham[]"/>
            <entry key="479" type="xstring" value="morr[]"/>
            <entry key="480" type="xstring" value="ajud[]"/>
            <entry key="481" type="xstring" value="experient[]"/>
            <entry key="482" type="xstring" value="vem[]"/>
            <entry key="483" type="xstring" value="rost[]"/>
            <entry key="484" type="xstring" value="óbvi[]"/>
            <entry key="485" type="xstring" value="entra[]"/>
            <entry key="486" type="xstring" value="boas[]"/>
            <entry key="487" type="xstring" value="atmosf[]"/>
            <entry key="488" type="xstring" value="excit[]"/>
            <entry key="489" type="xstring" value="mistéri[]"/>
            <entry key="490" type="xstring" value="dad[]"/>
            <entry key="491" type="xstring" value="dig[]"/>
            <entry key="492" type="xstring" value="bob[]"/>
            <entry key="493" type="xstring" value="cois[]"/>
            <entry key="494" type="xstring" value="baix[]"/>
            <entry key="495" type="xstring" value="surpreendent[]"/>
            <entry key="496" type="xstring" value="tram[]"/>
            <entry key="497" type="xstring" value="original[]"/>
            <entry key="498" type="xstring" value="envi[]"/>
            <entry key="499" type="xstring" value="versã[]"/>
            <entry key="500" type="xstring" value="american[]"/>
            <entry key="501" type="xstring" value="estrel[]"/>
            <entry key="502" type="xstring" value="fácil[]"/>
            <entry key="503" type="xstring" value="humor[]"/>
            <entry key="504" type="xstring" value="atriz[]"/>
            <entry key="505" type="xstring" value="fort[]"/>
            <entry key="506" type="xstring" value="supost[]"/>
            <entry key="507" type="xstring" value="narrat[]"/>
            <entry key="508" type="xstring" value="transmit[]"/>
            <entry key="509" type="xstring" value="iníci[]"/>
            <entry key="510" type="xstring" value="mund[]"/>
            <entry key="511" type="xstring" value="inglês[]"/>
            <entry key="512" type="xstring" value="cinematográf[]"/>
            <entry key="513" type="xstring" value="casament[]"/>
            <entry key="514" type="xstring" value="confus[]"/>
            <entry key="515" type="xstring" value="clássic[]"/>
            <entry key="516" type="xstring" value="compar[]"/>
            <entry key="517" type="xstring" value="diferent[]"/>
            <entry key="518" type="xstring" value="cans[]"/>
            <entry key="519" type="xstring" value="troux[]"/>
            <entry key="520" type="xstring" value="chef[]"/>
            <entry key="521" type="xstring" value="excelent[]"/>
            <entry key="522" type="xstring" value="entedi[]"/>
            <entry key="523" type="xstring" value="process[]"/>
            <entry key="524" type="xstring" value="robert[]"/>
            <entry key="525" type="xstring" value="antig[]"/>
            <entry key="526" type="xstring" value="tom[]"/>
            <entry key="527" type="xstring" value="modern[]"/>
            <entry key="528" type="xstring" value="crim[]"/>
            <entry key="529" type="xstring" value="resolv[]"/>
            <entry key="530" type="xstring" value="brutal[]"/>
            <entry key="531" type="xstring" value="atraent[]"/>
            <entry key="532" type="xstring" value="imagens[]"/>
            <entry key="533" type="xstring" value="inclu[]"/>
            <entry key="534" type="xstring" value="michael[]"/>
            <entry key="535" type="xstring" value="violênc[]"/>
            <entry key="536" type="xstring" value="mar[]"/>
            <entry key="537" type="xstring" value="camp[]"/>
            <entry key="538" type="xstring" value="extravag[]"/>
            <entry key="539" type="xstring" value="mistur[]"/>
            <entry key="540" type="xstring" value="contat[]"/>
            <entry key="541" type="xstring" value="lanc[]"/>
            <entry key="542" type="xstring" value="jam[]"/>
            <entry key="543" type="xstring" value="mencion[]"/>
            <entry key="544" type="xstring" value="delic[]"/>
            <entry key="545" type="xstring" value="ped[]"/>
            <entry key="546" type="xstring" value="abaix[]"/>
            <entry key="547" type="xstring" value="branc[]"/>
            <entry key="548" type="xstring" value="bas[]"/>
            <entry key="549" type="xstring" value="cerc[]"/>
            <entry key="550" type="xstring" value="emoçã[]"/>
            <entry key="551" type="xstring" value="lent[]"/>
            <entry key="552" type="xstring" value="aventur[]"/>
            <entry key="553" type="xstring" value="reviravolt[]"/>
            <entry key="554" type="xstring" value="clich[]"/>
            <entry key="555" type="xstring" value="pratic[]"/>
            <entry key="556" type="xstring" value="títul[]"/>
            <entry key="557" type="xstring" value="motiv[]"/>
            <entry key="558" type="xstring" value="espac[]"/>
            <entry key="559" type="xstring" value="viaj[]"/>
            <entry key="560" type="xstring" value="emocion[]"/>
            <entry key="561" type="xstring" value="recent[]"/>
            <entry key="562" type="xstring" value="mod[]"/>
            <entry key="563" type="xstring" value="indic[]"/>
            <entry key="564" type="xstring" value="ficçã[]"/>
            <entry key="565" type="xstring" value="científ[]"/>
            <entry key="566" type="xstring" value="mensag[]"/>
            <entry key="567" type="xstring" value="ignor[]"/>
            <entry key="568" type="xstring" value="etc[]"/>
            <entry key="569" type="xstring" value="admit[]"/>
            <entry key="570" type="xstring" value="incomod[]"/>
            <entry key="571" type="xstring" value="déc[]"/>
            <entry key="572" type="xstring" value="espéc[]"/>
            <entry key="573" type="xstring" value="famili[]"/>
            <entry key="574" type="xstring" value="mor[]"/>
            <entry key="575" type="xstring" value="sociedad[]"/>
            <entry key="576" type="xstring" value="alt[]"/>
            <entry key="577" type="xstring" value="moral[]"/>
            <entry key="578" type="xstring" value="sexual[]"/>
            <entry key="579" type="xstring" value="loj[]"/>
            <entry key="580" type="xstring" value="roup[]"/>
            <entry key="581" type="xstring" value="líd[]"/>
            <entry key="582" type="xstring" value="fornec[]"/>
            <entry key="583" type="xstring" value="mau[]"/>
            <entry key="584" type="xstring" value="viu[]"/>
            <entry key="585" type="xstring" value="spoilers[]"/>
            <entry key="586" type="xstring" value="luz[]"/>
            <entry key="587" type="xstring" value="repent[]"/>
            <entry key="588" type="xstring" value="defin[]"/>
            <entry key="589" type="xstring" value="destac[]"/>
            <entry key="590" type="xstring" value="víd[]"/>
            <entry key="591" type="xstring" value="estud[]"/>
            <entry key="592" type="xstring" value="ensin[]"/>
            <entry key="593" type="xstring" value="sequênc[]"/>
            <entry key="594" type="xstring" value="dign[]"/>
            <entry key="595" type="xstring" value="técnic[]"/>
            <entry key="596" type="xstring" value="estã[]"/>
            <entry key="597" type="xstring" value="cont[]"/>
            <entry key="598" type="xstring" value="vej[]"/>
            <entry key="599" type="xstring" value="desperdic[]"/>
            <entry key="600" type="xstring" value="pet[]"/>
            <entry key="601" type="xstring" value="rir[]"/>
            <entry key="602" type="xstring" value="vergonh[]"/>
            <entry key="603" type="xstring" value="mud[]"/>
            <entry key="604" type="xstring" value="jack[]"/>
            <entry key="605" type="xstring" value="maravilh[]"/>
            <entry key="606" type="xstring" value="nel[]"/>
            <entry key="607" type="xstring" value="exist[]"/>
            <entry key="608" type="xstring" value="diversã[]"/>
            <entry key="609" type="xstring" value="serv[]"/>
            <entry key="610" type="xstring" value="amo[]"/>
            <entry key="611" type="xstring" value="semelh[]"/>
            <entry key="612" type="xstring" value="realist[]"/>
            <entry key="613" type="xstring" value="rea[]"/>
            <entry key="614" type="xstring" value="alegr[]"/>
            <entry key="615" type="xstring" value="part[]"/>
            <entry key="616" type="xstring" value="moment[]"/>
            <entry key="617" type="xstring" value="los[]"/>
            <entry key="618" type="xstring" value="pois[]"/>
            <entry key="619" type="xstring" value="material[]"/>
            <entry key="620" type="xstring" value="david[]"/>
            <entry key="621" type="xstring" value="aspect[]"/>
            <entry key="622" type="xstring" value="dorm[]"/>
            <entry key="623" type="xstring" value="negóci[]"/>
            <entry key="624" type="xstring" value="par[]"/>
            <entry key="625" type="xstring" value="obvi[]"/>
            <entry key="626" type="xstring" value="policial[]"/>
            <entry key="627" type="xstring" value="suspeit[]"/>
            <entry key="628" type="xstring" value="inter[]"/>
            <entry key="629" type="xstring" value="menin[]"/>
            <entry key="630" type="xstring" value="mant[]"/>
            <entry key="631" type="xstring" value="bel[]"/>
            <entry key="632" type="xstring" value="sub[]"/>
            <entry key="633" type="xstring" value="episódi[]"/>
            <entry key="634" type="xstring" value="program[]"/>
            <entry key="635" type="xstring" value="jon[]"/>
            <entry key="636" type="xstring" value="man[]"/>
            <entry key="637" type="xstring" value="estranh[]"/>
            <entry key="638" type="xstring" value="franc[]"/>
            <entry key="639" type="xstring" value="escolh[]"/>
            <entry key="640" type="xstring" value="show[]"/>
            <entry key="641" type="xstring" value="feliz[]"/>
            <entry key="642" type="xstring" value="princip[]"/>
            <entry key="643" type="xstring" value="iri[]"/>
            <entry key="644" type="xstring" value="idad[]"/>
            <entry key="645" type="xstring" value="recomend[]"/>
            <entry key="646" type="xstring" value="apaixon[]"/>
            <entry key="647" type="xstring" value="conhec[]"/>
            <entry key="648" type="xstring" value="românt[]"/>
            <entry key="649" type="xstring" value="doc[]"/>
            <entry key="650" type="xstring" value="control[]"/>
            <entry key="651" type="xstring" value="perig[]"/>
            <entry key="652" type="xstring" value="ris[]"/>
            <entry key="653" type="xstring" value="ameac[]"/>
            <entry key="654" type="xstring" value="roub[]"/>
            <entry key="655" type="xstring" value="combin[]"/>
            <entry key="656" type="xstring" value="trabalh[]"/>
            <entry key="657" type="xstring" value="pensament[]"/>
            <entry key="658" type="xstring" value="assum[]"/>
            <entry key="659" type="xstring" value="violent[]"/>
            <entry key="660" type="xstring" value="encaix[]"/>
            <entry key="661" type="xstring" value="inspir[]"/>
            <entry key="662" type="xstring" value="ric[]"/>
            <entry key="663" type="xstring" value="saiu[]"/>
            <entry key="664" type="xstring" value="separ[]"/>
            <entry key="665" type="xstring" value="cômic[]"/>
            <entry key="666" type="xstring" value="angel[]"/>
            <entry key="667" type="xstring" value="nudez[]"/>
            <entry key="668" type="xstring" value="aproveit[]"/>
            <entry key="669" type="xstring" value="crédit[]"/>
            <entry key="670" type="xstring" value="class[]"/>
            <entry key="671" type="xstring" value="açã[]"/>
            <entry key="672" type="xstring" value="projet[]"/>
            <entry key="673" type="xstring" value="bizarr[]"/>
            <entry key="674" type="xstring" value="favorit[]"/>
            <entry key="675" type="xstring" value="bat[]"/>
            <entry key="676" type="xstring" value="convincent[]"/>
            <entry key="677" type="xstring" value="lig[]"/>
            <entry key="678" type="xstring" value="explic[]"/>
            <entry key="679" type="xstring" value="pres[]"/>
            <entry key="680" type="xstring" value="usa[]"/>
            <entry key="681" type="xstring" value="dias[]"/>
            <entry key="682" type="xstring" value="indo[]"/>
            <entry key="683" type="xstring" value="câm[]"/>
            <entry key="684" type="xstring" value="vilã[]"/>
            <entry key="685" type="xstring" value="facil[]"/>
            <entry key="686" type="xstring" value="quebr[]"/>
            <entry key="687" type="xstring" value="band[]"/>
            <entry key="688" type="xstring" value="sentiment[]"/>
            <entry key="689" type="xstring" value="fug[]"/>
            <entry key="690" type="xstring" value="coraçã[]"/>
            <entry key="691" type="xstring" value="esquec[]"/>
            <entry key="692" type="xstring" value="encant[]"/>
            <entry key="693" type="xstring" value="membr[]"/>
            <entry key="694" type="xstring" value="escritor[]"/>
            <entry key="695" type="xstring" value="houv[]"/>
            <entry key="696" type="xstring" value="ouv[]"/>
            <entry key="697" type="xstring" value="desaparec[]"/>
            <entry key="698" type="xstring" value="corr[]"/>
            <entry key="699" type="xstring" value="respeit[]"/>
            <entry key="700" type="xstring" value="govern[]"/>
            <entry key="701" type="xstring" value="adicion[]"/>
            <entry key="702" type="xstring" value="quis[]"/>
            <entry key="703" type="xstring" value="fascin[]"/>
            <entry key="704" type="xstring" value="conclusã[]"/>
            <entry key="705" type="xstring" value="exager[]"/>
            <entry key="706" type="xstring" value="curt[]"/>
            <entry key="707" type="xstring" value="períod[]"/>
            <entry key="708" type="xstring" value="confi[]"/>
            <entry key="709" type="xstring" value="sonh[]"/>
            <entry key="710" type="xstring" value="vot[]"/>
            <entry key="711" type="xstring" value="alto[]"/>
            <entry key="712" type="xstring" value="sombri[]"/>
            <entry key="713" type="xstring" value="desapont[]"/>
            <entry key="714" type="xstring" value="ame[]"/>
            <entry key="715" type="xstring" value="sozinh[]"/>
            <entry key="716" type="xstring" value="fãs[]"/>
            <entry key="717" type="xstring" value="determin[]"/>
            <entry key="718" type="xstring" value="futur[]"/>
            <entry key="719" type="xstring" value="jovens[]"/>
            <entry key="720" type="xstring" value="brilhant[]"/>
            <entry key="721" type="xstring" value="fantas[]"/>
            <entry key="722" type="xstring" value="com[]"/>
            <entry key="723" type="xstring" value="primeir[]"/>
            <entry key="724" type="xstring" value="dei[]"/>
            <entry key="725" type="xstring" value="realidad[]"/>
            <entry key="726" type="xstring" value="realiz[]"/>
            <entry key="727" type="xstring" value="terrível[]"/>
            <entry key="728" type="xstring" value="imediat[]"/>
            <entry key="729" type="xstring" value="estabelec[]"/>
            <entry key="730" type="xstring" value="sofr[]"/>
            <entry key="731" type="xstring" value="lid[]"/>
            <entry key="732" type="xstring" value="adult[]"/>
            <entry key="733" type="xstring" value="inicial[]"/>
            <entry key="734" type="xstring" value="list[]"/>
            <entry key="735" type="xstring" value="ataqu[]"/>
            <entry key="736" type="xstring" value="discurs[]"/>
            <entry key="737" type="xstring" value="sup[]"/>
            <entry key="738" type="xstring" value="hilári[]"/>
            <entry key="739" type="xstring" value="quent[]"/>
            <entry key="740" type="xstring" value="event[]"/>
            <entry key="741" type="xstring" value="país[]"/>
            <entry key="742" type="xstring" value="revel[]"/>
            <entry key="743" type="xstring" value="objet[]"/>
            <entry key="744" type="xstring" value="definit[]"/>
            <entry key="745" type="xstring" value="seg[]"/>
            <entry key="746" type="xstring" value="usand[]"/>
            <entry key="747" type="xstring" value="fund[]"/>
            <entry key="748" type="xstring" value="empurr[]"/>
            <entry key="749" type="xstring" value="plan[]"/>
            <entry key="750" type="xstring" value="absurd[]"/>
            <entry key="751" type="xstring" value="escol[]"/>
            <entry key="752" type="xstring" value="grav[]"/>
            <entry key="753" type="xstring" value="britân[]"/>
            <entry key="754" type="xstring" value="aut[]"/>
            <entry key="755" type="xstring" value="niss[]"/>
            <entry key="756" type="xstring" value="convers[]"/>
            <entry key="757" type="xstring" value="alta[]"/>
            <entry key="758" type="xstring" value="natural[]"/>
            <entry key="759" type="xstring" value="oportun[]"/>
            <entry key="760" type="xstring" value="artist[]"/>
            <entry key="761" type="xstring" value="negr[]"/>
            <entry key="762" type="xstring" value="music[]"/>
            <entry key="763" type="xstring" value="prim[]"/>
            <entry key="764" type="xstring" value="popul[]"/>
            <entry key="765" type="xstring" value="cant[]"/>
            <entry key="766" type="xstring" value="cultur[]"/>
            <entry key="767" type="xstring" value="nom[]"/>
            <entry key="768" type="xstring" value="imdb[]"/>
            <entry key="769" type="xstring" value="resum[]"/>
            <entry key="770" type="xstring" value="coleg[]"/>
            <entry key="771" type="xstring" value="centr[]"/>
            <entry key="772" type="xstring" value="cidad[]"/>
            <entry key="773" type="xstring" value="prest[]"/>
            <entry key="774" type="xstring" value="atençã[]"/>
            <entry key="775" type="xstring" value="pessoal[]"/>
            <entry key="776" type="xstring" value="oferec[]"/>
            <entry key="777" type="xstring" value="destin[]"/>
            <entry key="778" type="xstring" value="eua[]"/>
            <entry key="779" type="xstring" value="dur[]"/>
            <entry key="780" type="xstring" value="quadr[]"/>
            <entry key="781" type="xstring" value="vic[]"/>
            <entry key="782" type="xstring" value="pedac[]"/>
            <entry key="783" type="xstring" value="will[]"/>
            <entry key="784" type="xstring" value="preocup[]"/>
            <entry key="785" type="xstring" value="contrári[]"/>
            <entry key="786" type="xstring" value="merec[]"/>
            <entry key="787" type="xstring" value="sens[]"/>
            <entry key="788" type="xstring" value="básic[]"/>
            <entry key="789" type="xstring" value="monstr[]"/>
            <entry key="790" type="xstring" value="crític[]"/>
            <entry key="791" type="xstring" value="arte[]"/>
            <entry key="792" type="xstring" value="pouc[]"/>
            <entry key="793" type="xstring" value="capaz[]"/>
            <entry key="794" type="xstring" value="oscar[]"/>
            <entry key="795" type="xstring" value="transform[]"/>
            <entry key="796" type="xstring" value="fing[]"/>
            <entry key="797" type="xstring" value="top[]"/>
            <entry key="798" type="xstring" value="dou[]"/>
            <entry key="799" type="xstring" value="infern[]"/>
            <entry key="800" type="xstring" value="york[]"/>
            <entry key="801" type="xstring" value="cenári[]"/>
            <entry key="802" type="xstring" value="erros[]"/>
            <entry key="803" type="xstring" value="polít[]"/>
            <entry key="804" type="xstring" value="busc[]"/>
            <entry key="805" type="xstring" value="cresc[]"/>
            <entry key="806" type="xstring" value="barat[]"/>
            <entry key="807" type="xstring" value="rest[]"/>
            <entry key="808" type="xstring" value="relacion[]"/>
            <entry key="809" type="xstring" value="excet[]"/>
            <entry key="810" type="xstring" value="preench[]"/>
            <entry key="811" type="xstring" value="emoçõ[]"/>
            <entry key="812" type="xstring" value="extra[]"/>
            <entry key="813" type="xstring" value="inform[]"/>
            <entry key="814" type="xstring" value="comovent[]"/>
            <entry key="815" type="xstring" value="recom[]"/>
            <entry key="816" type="xstring" value="abert[]"/>
            <entry key="817" type="xstring" value="ritm[]"/>
            <entry key="818" type="xstring" value="enorm[]"/>
            <entry key="819" type="xstring" value="acha[]"/>
            <entry key="820" type="xstring" value="leg[]"/>
            <entry key="821" type="xstring" value="mantém[]"/>
            <entry key="822" type="xstring" value="cinematograf[]"/>
            <entry key="823" type="xstring" value="rar[]"/>
            <entry key="824" type="xstring" value="conjunt[]"/>
            <entry key="825" type="xstring" value="chei[]"/>
            <entry key="826" type="xstring" value="pur[]"/>
            <entry key="827" type="xstring" value="entreten[]"/>
            <entry key="828" type="xstring" value="estúdi[]"/>
            <entry key="829" type="xstring" value="caminh[]"/>
            <entry key="830" type="xstring" value="premiss[]"/>
            <entry key="831" type="xstring" value="rapid[]"/>
            <entry key="832" type="xstring" value="contém[]"/>
            <entry key="833" type="xstring" value="alcanc[]"/>
            <entry key="834" type="xstring" value="quantidad[]"/>
            <entry key="835" type="xstring" value="explod[]"/>
            <entry key="836" type="xstring" value="frent[]"/>
            <entry key="837" type="xstring" value="vir[]"/>
            <entry key="838" type="xstring" value="qua[]"/>
            <entry key="839" type="xstring" value="eficaz[]"/>
            <entry key="840" type="xstring" value="convenc[]"/>
            <entry key="841" type="xstring" value="musical[]"/>
            <entry key="842" type="xstring" value="permanec[]"/>
            <entry key="843" type="xstring" value="desenh[]"/>
            <entry key="844" type="xstring" value="represent[]"/>
            <entry key="845" type="xstring" value="protagon[]"/>
            <entry key="846" type="xstring" value="escond[]"/>
            <entry key="847" type="xstring" value="escap[]"/>
            <entry key="848" type="xstring" value="inocent[]"/>
            <entry key="849" type="xstring" value="visã[]"/>
            <entry key="850" type="xstring" value="georg[]"/>
            <entry key="851" type="xstring" value="fin[]"/>
            <entry key="852" type="xstring" value="fracass[]"/>
            <entry key="853" type="xstring" value="poder[]"/>
            <entry key="854" type="xstring" value="super[]"/>
            <entry key="855" type="xstring" value="olho[]"/>
            <entry key="856" type="xstring" value="fantást[]"/>
            <entry key="857" type="xstring" value="cóp[]"/>
            <entry key="858" type="xstring" value="vítim[]"/>
            <entry key="859" type="xstring" value="natur[]"/>
            <entry key="860" type="xstring" value="impressã[]"/>
            <entry key="861" type="xstring" value="mundial[]"/>
            <entry key="862" type="xstring" value="exib[]"/>
        </config>
    </config>
</config>
