<?xml version="1.0" encoding="UTF-8"?>
<config xmlns="http://www.knime.org/2008/09/XMLConfig" xmlns:xsi="http://www.w3.org/2001/XMLSchema-instance" xsi:schemaLocation="http://www.knime.org/2008/09/XMLConfig http://www.knime.org/XMLConfig_2008_09.xsd" key="MiningSchema">
    <config key="learning">
        <entry key="array-size" type="xint" value="82"/>
        <entry key="0" type="xstring" value="fnlwgt"/>
        <entry key="1" type="xstring" value="education-num"/>
        <entry key="2" type="xstring" value="capital-gain"/>
        <entry key="3" type="xstring" value="capital-loss"/>
        <entry key="4" type="xstring" value="hours-per-week"/>
        <entry key="5" type="xstring" value="State-gov"/>
        <entry key="6" type="xstring" value="Self-emp-not-inc"/>
        <entry key="7" type="xstring" value="Private"/>
        <entry key="8" type="xstring" value="Federal-gov"/>
        <entry key="9" type="xstring" value="Local-gov"/>
        <entry key="10" type="xstring" value="Self-emp-inc"/>
        <entry key="11" type="xstring" value="Without-pay"/>
        <entry key="12" type="xstring" value="Never-worked"/>
        <entry key="13" type="xstring" value="Never-married"/>
        <entry key="14" type="xstring" value="Married-civ-spouse"/>
        <entry key="15" type="xstring" value="Divorced"/>
        <entry key="16" type="xstring" value="Married-spouse-absent"/>
        <entry key="17" type="xstring" value="Separated"/>
        <entry key="18" type="xstring" value="Married-AF-spouse"/>
        <entry key="19" type="xstring" value="Widowed"/>
        <entry key="20" type="xstring" value="Adm-clerical"/>
        <entry key="21" type="xstring" value="Exec-managerial"/>
        <entry key="22" type="xstring" value="Handlers-cleaners"/>
        <entry key="23" type="xstring" value="Prof-specialty"/>
        <entry key="24" type="xstring" value="Other-service"/>
        <entry key="25" type="xstring" value="Sales"/>
        <entry key="26" type="xstring" value="Craft-repair"/>
        <entry key="27" type="xstring" value="Transport-moving"/>
        <entry key="28" type="xstring" value="Farming-fishing"/>
        <entry key="29" type="xstring" value="Machine-op-inspct"/>
        <entry key="30" type="xstring" value="Tech-support"/>
        <entry key="31" type="xstring" value="Protective-serv"/>
        <entry key="32" type="xstring" value="Armed-Forces"/>
        <entry key="33" type="xstring" value="Priv-house-serv"/>
        <entry key="34" type="xstring" value="White"/>
        <entry key="35" type="xstring" value="Black"/>
        <entry key="36" type="xstring" value="Asian-Pac-Islander"/>
        <entry key="37" type="xstring" value="Amer-Indian-Eskimo"/>
        <entry key="38" type="xstring" value="Other"/>
        <entry key="39" type="xstring" value="Male"/>
        <entry key="40" type="xstring" value="Female"/>
        <entry key="41" type="xstring" value="United-States"/>
        <entry key="42" type="xstring" value="Cuba"/>
        <entry key="43" type="xstring" value="Jamaica"/>
        <entry key="44" type="xstring" value="India"/>
        <entry key="45" type="xstring" value="Mexico"/>
        <entry key="46" type="xstring" value="South"/>
        <entry key="47" type="xstring" value="Puerto-Rico"/>
        <entry key="48" type="xstring" value="Honduras"/>
        <entry key="49" type="xstring" value="England"/>
        <entry key="50" type="xstring" value="Canada"/>
        <entry key="51" type="xstring" value="Germany"/>
        <entry key="52" type="xstring" value="Iran"/>
        <entry key="53" type="xstring" value="Philippines"/>
        <entry key="54" type="xstring" value="Italy"/>
        <entry key="55" type="xstring" value="Poland"/>
        <entry key="56" type="xstring" value="Columbia"/>
        <entry key="57" type="xstring" value="Cambodia"/>
        <entry key="58" type="xstring" value="Thailand"/>
        <entry key="59" type="xstring" value="Ecuador"/>
        <entry key="60" type="xstring" value="Laos"/>
        <entry key="61" type="xstring" value="Taiwan"/>
        <entry key="62" type="xstring" value="Haiti"/>
        <entry key="63" type="xstring" value="Portugal"/>
        <entry key="64" type="xstring" value="Dominican-Republic"/>
        <entry key="65" type="xstring" value="El-Salvador"/>
        <entry key="66" type="xstring" value="France"/>
        <entry key="67" type="xstring" value="Guatemala"/>
        <entry key="68" type="xstring" value="China"/>
        <entry key="69" type="xstring" value="Japan"/>
        <entry key="70" type="xstring" value="Yugoslavia"/>
        <entry key="71" type="xstring" value="Peru"/>
        <entry key="72" type="xstring" value="Outlying-US(Guam-USVI-etc)"/>
        <entry key="73" type="xstring" value="Scotland"/>
        <entry key="74" type="xstring" value="Trinadad&amp;Tobago"/>
        <entry key="75" type="xstring" value="Greece"/>
        <entry key="76" type="xstring" value="Nicaragua"/>
        <entry key="77" type="xstring" value="Vietnam"/>
        <entry key="78" type="xstring" value="Hong"/>
        <entry key="79" type="xstring" value="Ireland"/>
        <entry key="80" type="xstring" value="Hungary"/>
        <entry key="81" type="xstring" value="Holand-Netherlands"/>
    </config>
    <config key="target">
        <entry key="array-size" type="xint" value="1"/>
        <entry key="0" type="xstring" value="age"/>
    </config>
</config>
