<?xml version="1.0" encoding="UTF-8"?>
<config xmlns="http://www.knime.org/2008/09/XMLConfig" xmlns:xsi="http://www.w3.org/2001/XMLSchema-instance" xsi:schemaLocation="http://www.knime.org/2008/09/XMLConfig http://www.knime.org/XMLConfig_2008_09.xsd" key="Table Spec">
    <config key="table.spec">
        <entry key="spec_name" type="xstring" value="default"/>
        <entry key="number_columns" type="xint" value="13"/>
        <config key="column_spec_0">
            <entry key="column_name" type="xstring" value="Residual(-1)"/>
            <config key="element_names">
                <entry key="array-size" type="xint" value="0"/>
            </config>
            <config key="column_type">
                <entry key="cell_class" type="xstring" value="org.knime.core.data.def.DoubleCell"/>
            </config>
            <config key="column_domain">
                <config key="lower_bound">
                    <entry key="datacell" type="xstring" value="org.knime.core.data.def.DoubleCell"/>
                    <config key="org.knime.core.data.def.DoubleCell">
                        <entry key="DoubleCell" type="xdouble" value="-0.9646357964781931"/>
                    </config>
                </config>
                <config key="upper_bound">
                    <entry key="datacell" type="xstring" value="org.knime.core.data.def.DoubleCell"/>
                    <config key="org.knime.core.data.def.DoubleCell">
                        <entry key="DoubleCell" type="xdouble" value="1.8481450634162626"/>
                    </config>
                </config>
            </config>
            <config key="column_properties"/>
            <config key="meta_data"/>
        </config>
        <config key="column_spec_1">
            <entry key="column_name" type="xstring" value="Residual(-2)"/>
            <config key="element_names">
                <entry key="array-size" type="xint" value="0"/>
            </config>
            <config key="column_type">
                <entry key="cell_class" type="xstring" value="org.knime.core.data.def.DoubleCell"/>
            </config>
            <config key="column_domain">
                <config key="lower_bound">
                    <entry key="datacell" type="xstring" value="org.knime.core.data.def.DoubleCell"/>
                    <config key="org.knime.core.data.def.DoubleCell">
                        <entry key="DoubleCell" type="xdouble" value="-0.9646357964781931"/>
                    </config>
                </config>
                <config key="upper_bound">
                    <entry key="datacell" type="xstring" value="org.knime.core.data.def.DoubleCell"/>
                    <config key="org.knime.core.data.def.DoubleCell">
                        <entry key="DoubleCell" type="xdouble" value="1.8481450634162626"/>
                    </config>
                </config>
            </config>
            <config key="column_properties"/>
            <config key="meta_data"/>
        </config>
        <config key="column_spec_2">
            <entry key="column_name" type="xstring" value="Residual(-3)"/>
            <config key="element_names">
                <entry key="array-size" type="xint" value="0"/>
            </config>
            <config key="column_type">
                <entry key="cell_class" type="xstring" value="org.knime.core.data.def.DoubleCell"/>
            </config>
            <config key="column_domain">
                <config key="lower_bound">
                    <entry key="datacell" type="xstring" value="org.knime.core.data.def.DoubleCell"/>
                    <config key="org.knime.core.data.def.DoubleCell">
                        <entry key="DoubleCell" type="xdouble" value="-0.9646357964781931"/>
                    </config>
                </config>
                <config key="upper_bound">
                    <entry key="datacell" type="xstring" value="org.knime.core.data.def.DoubleCell"/>
                    <config key="org.knime.core.data.def.DoubleCell">
                        <entry key="DoubleCell" type="xdouble" value="1.8481450634162626"/>
                    </config>
                </config>
            </config>
            <config key="column_properties"/>
            <config key="meta_data"/>
        </config>
        <config key="column_spec_3">
            <entry key="column_name" type="xstring" value="Residual(-4)"/>
            <config key="element_names">
                <entry key="array-size" type="xint" value="0"/>
            </config>
            <config key="column_type">
                <entry key="cell_class" type="xstring" value="org.knime.core.data.def.DoubleCell"/>
            </config>
            <config key="column_domain">
                <config key="lower_bound">
                    <entry key="datacell" type="xstring" value="org.knime.core.data.def.DoubleCell"/>
                    <config key="org.knime.core.data.def.DoubleCell">
                        <entry key="DoubleCell" type="xdouble" value="-0.9646357964781931"/>
                    </config>
                </config>
                <config key="upper_bound">
                    <entry key="datacell" type="xstring" value="org.knime.core.data.def.DoubleCell"/>
                    <config key="org.knime.core.data.def.DoubleCell">
                        <entry key="DoubleCell" type="xdouble" value="1.8481450634162626"/>
                    </config>
                </config>
            </config>
            <config key="column_properties"/>
            <config key="meta_data"/>
        </config>
        <config key="column_spec_4">
            <entry key="column_name" type="xstring" value="Residual(-5)"/>
            <config key="element_names">
                <entry key="array-size" type="xint" value="0"/>
            </config>
            <config key="column_type">
                <entry key="cell_class" type="xstring" value="org.knime.core.data.def.DoubleCell"/>
            </config>
            <config key="column_domain">
                <config key="lower_bound">
                    <entry key="datacell" type="xstring" value="org.knime.core.data.def.DoubleCell"/>
                    <config key="org.knime.core.data.def.DoubleCell">
                        <entry key="DoubleCell" type="xdouble" value="-0.9646357964781931"/>
                    </config>
                </config>
                <config key="upper_bound">
                    <entry key="datacell" type="xstring" value="org.knime.core.data.def.DoubleCell"/>
                    <config key="org.knime.core.data.def.DoubleCell">
                        <entry key="DoubleCell" type="xdouble" value="1.8481450634162626"/>
                    </config>
                </config>
            </config>
            <config key="column_properties"/>
            <config key="meta_data"/>
        </config>
        <config key="column_spec_5">
            <entry key="column_name" type="xstring" value="Residual(-6)"/>
            <config key="element_names">
                <entry key="array-size" type="xint" value="0"/>
            </config>
            <config key="column_type">
                <entry key="cell_class" type="xstring" value="org.knime.core.data.def.DoubleCell"/>
            </config>
            <config key="column_domain">
                <config key="lower_bound">
                    <entry key="datacell" type="xstring" value="org.knime.core.data.def.DoubleCell"/>
                    <config key="org.knime.core.data.def.DoubleCell">
                        <entry key="DoubleCell" type="xdouble" value="-0.9646357964781931"/>
                    </config>
                </config>
                <config key="upper_bound">
                    <entry key="datacell" type="xstring" value="org.knime.core.data.def.DoubleCell"/>
                    <config key="org.knime.core.data.def.DoubleCell">
                        <entry key="DoubleCell" type="xdouble" value="1.8481450634162626"/>
                    </config>
                </config>
            </config>
            <config key="column_properties"/>
            <config key="meta_data"/>
        </config>
        <config key="column_spec_6">
            <entry key="column_name" type="xstring" value="Residual(-7)"/>
            <config key="element_names">
                <entry key="array-size" type="xint" value="0"/>
            </config>
            <config key="column_type">
                <entry key="cell_class" type="xstring" value="org.knime.core.data.def.DoubleCell"/>
            </config>
            <config key="column_domain">
                <config key="lower_bound">
                    <entry key="datacell" type="xstring" value="org.knime.core.data.def.DoubleCell"/>
                    <config key="org.knime.core.data.def.DoubleCell">
                        <entry key="DoubleCell" type="xdouble" value="-0.9646357964781931"/>
                    </config>
                </config>
                <config key="upper_bound">
                    <entry key="datacell" type="xstring" value="org.knime.core.data.def.DoubleCell"/>
                    <config key="org.knime.core.data.def.DoubleCell">
                        <entry key="DoubleCell" type="xdouble" value="1.8481450634162626"/>
                    </config>
                </config>
            </config>
            <config key="column_properties"/>
            <config key="meta_data"/>
        </config>
        <config key="column_spec_7">
            <entry key="column_name" type="xstring" value="Residual(-8)"/>
            <config key="element_names">
                <entry key="array-size" type="xint" value="0"/>
            </config>
            <config key="column_type">
                <entry key="cell_class" type="xstring" value="org.knime.core.data.def.DoubleCell"/>
            </config>
            <config key="column_domain">
                <config key="lower_bound">
                    <entry key="datacell" type="xstring" value="org.knime.core.data.def.DoubleCell"/>
                    <config key="org.knime.core.data.def.DoubleCell">
                        <entry key="DoubleCell" type="xdouble" value="-0.9646357964781931"/>
                    </config>
                </config>
                <config key="upper_bound">
                    <entry key="datacell" type="xstring" value="org.knime.core.data.def.DoubleCell"/>
                    <config key="org.knime.core.data.def.DoubleCell">
                        <entry key="DoubleCell" type="xdouble" value="1.8481450634162626"/>
                    </config>
                </config>
            </config>
            <config key="column_properties"/>
            <config key="meta_data"/>
        </config>
        <config key="column_spec_8">
            <entry key="column_name" type="xstring" value="Residual(-9)"/>
            <config key="element_names">
                <entry key="array-size" type="xint" value="0"/>
            </config>
            <config key="column_type">
                <entry key="cell_class" type="xstring" value="org.knime.core.data.def.DoubleCell"/>
            </config>
            <config key="column_domain">
                <config key="lower_bound">
                    <entry key="datacell" type="xstring" value="org.knime.core.data.def.DoubleCell"/>
                    <config key="org.knime.core.data.def.DoubleCell">
                        <entry key="DoubleCell" type="xdouble" value="-0.9646357964781931"/>
                    </config>
                </config>
                <config key="upper_bound">
                    <entry key="datacell" type="xstring" value="org.knime.core.data.def.DoubleCell"/>
                    <config key="org.knime.core.data.def.DoubleCell">
                        <entry key="DoubleCell" type="xdouble" value="1.8481450634162626"/>
                    </config>
                </config>
            </config>
            <config key="column_properties"/>
            <config key="meta_data"/>
        </config>
        <config key="column_spec_9">
            <entry key="column_name" type="xstring" value="Residual(-10)"/>
            <config key="element_names">
                <entry key="array-size" type="xint" value="0"/>
            </config>
            <config key="column_type">
                <entry key="cell_class" type="xstring" value="org.knime.core.data.def.DoubleCell"/>
            </config>
            <config key="column_domain">
                <config key="lower_bound">
                    <entry key="datacell" type="xstring" value="org.knime.core.data.def.DoubleCell"/>
                    <config key="org.knime.core.data.def.DoubleCell">
                        <entry key="DoubleCell" type="xdouble" value="-0.9646357964781931"/>
                    </config>
                </config>
                <config key="upper_bound">
                    <entry key="datacell" type="xstring" value="org.knime.core.data.def.DoubleCell"/>
                    <config key="org.knime.core.data.def.DoubleCell">
                        <entry key="DoubleCell" type="xdouble" value="1.8481450634162626"/>
                    </config>
                </config>
            </config>
            <config key="column_properties"/>
            <config key="meta_data"/>
        </config>
        <config key="column_spec_10">
            <entry key="column_name" type="xstring" value="Residual(-11)"/>
            <config key="element_names">
                <entry key="array-size" type="xint" value="0"/>
            </config>
            <config key="column_type">
                <entry key="cell_class" type="xstring" value="org.knime.core.data.def.DoubleCell"/>
            </config>
            <config key="column_domain">
                <config key="lower_bound">
                    <entry key="datacell" type="xstring" value="org.knime.core.data.def.DoubleCell"/>
                    <config key="org.knime.core.data.def.DoubleCell">
                        <entry key="DoubleCell" type="xdouble" value="-0.9646357964781931"/>
                    </config>
                </config>
                <config key="upper_bound">
                    <entry key="datacell" type="xstring" value="org.knime.core.data.def.DoubleCell"/>
                    <config key="org.knime.core.data.def.DoubleCell">
                        <entry key="DoubleCell" type="xdouble" value="1.8481450634162626"/>
                    </config>
                </config>
            </config>
            <config key="column_properties"/>
            <config key="meta_data"/>
        </config>
        <config key="column_spec_11">
            <entry key="column_name" type="xstring" value="Residual(-12)"/>
            <config key="element_names">
                <entry key="array-size" type="xint" value="0"/>
            </config>
            <config key="column_type">
                <entry key="cell_class" type="xstring" value="org.knime.core.data.def.DoubleCell"/>
            </config>
            <config key="column_domain">
                <config key="lower_bound">
                    <entry key="datacell" type="xstring" value="org.knime.core.data.def.DoubleCell"/>
                    <config key="org.knime.core.data.def.DoubleCell">
                        <entry key="DoubleCell" type="xdouble" value="-0.9646357964781931"/>
                    </config>
                </config>
                <config key="upper_bound">
                    <entry key="datacell" type="xstring" value="org.knime.core.data.def.DoubleCell"/>
                    <config key="org.knime.core.data.def.DoubleCell">
                        <entry key="DoubleCell" type="xdouble" value="1.8481450634162626"/>
                    </config>
                </config>
            </config>
            <config key="column_properties"/>
            <config key="meta_data"/>
        </config>
        <config key="column_spec_12">
            <entry key="column_name" type="xstring" value="Residual"/>
            <config key="element_names">
                <entry key="array-size" type="xint" value="0"/>
            </config>
            <config key="column_type">
                <entry key="cell_class" type="xstring" value="org.knime.core.data.def.DoubleCell"/>
            </config>
            <config key="column_domain">
                <config key="lower_bound">
                    <entry key="datacell" type="xstring" value="org.knime.core.data.def.DoubleCell"/>
                    <config key="org.knime.core.data.def.DoubleCell">
                        <entry key="DoubleCell" type="xdouble" value="-0.9646357964781931"/>
                    </config>
                </config>
                <config key="upper_bound">
                    <entry key="datacell" type="xstring" value="org.knime.core.data.def.DoubleCell"/>
                    <config key="org.knime.core.data.def.DoubleCell">
                        <entry key="DoubleCell" type="xdouble" value="1.8481450634162626"/>
                    </config>
                </config>
            </config>
            <config key="column_properties"/>
            <config key="meta_data"/>
        </config>
    </config>
</config>
