<?xml version="1.0" encoding="UTF-8"?>
<config xmlns="http://www.knime.org/2008/09/XMLConfig" xmlns:xsi="http://www.w3.org/2001/XMLSchema-instance" xsi:schemaLocation="http://www.knime.org/2008/09/XMLConfig http://www.knime.org/XMLConfig_2008_09.xsd" key="MiningSchema">
    <config key="learning">
        <entry key="array-size" type="xint" value="12"/>
        <entry key="0" type="xstring" value="Residual(-1)"/>
        <entry key="1" type="xstring" value="Residual(-2)"/>
        <entry key="2" type="xstring" value="Residual(-3)"/>
        <entry key="3" type="xstring" value="Residual(-4)"/>
        <entry key="4" type="xstring" value="Residual(-5)"/>
        <entry key="5" type="xstring" value="Residual(-6)"/>
        <entry key="6" type="xstring" value="Residual(-7)"/>
        <entry key="7" type="xstring" value="Residual(-8)"/>
        <entry key="8" type="xstring" value="Residual(-9)"/>
        <entry key="9" type="xstring" value="Residual(-10)"/>
        <entry key="10" type="xstring" value="Residual(-11)"/>
        <entry key="11" type="xstring" value="Residual(-12)"/>
    </config>
    <config key="target">
        <entry key="array-size" type="xint" value="1"/>
        <entry key="0" type="xstring" value="Residual"/>
    </config>
</config>
